title,author,year,price,category
Il nome della rosa,Umberto Eco,1980,12.22,romanzo 
Divina Commedia,Dante Alighieri,1320,23.01,narrativa 
I Promessi Sposi,Alessandro Manzoni,1827,22.19,narrativa 
La coscienza di Zeno,Italo Svevo,1923,5.99,narrativa 
Il Gattopardo,Giuseppe Tomasi di Lampedusa,1958,26.69,romanzo 
Se questo è un uomo,Primo Levi,1947,18.48,narrativa 
Il deserto dei tartari,Dino Buzzati,1940,10.81,narrativa 
La luna e i falò,Cesare Pavese,1950,13.44,narrativa 
Siddharta,Hermann Hesse,1922,28.2,romanzo  
Il piccolo principe,Antoine de Saint-Exupéry,1943,29.28,fantasy
La metamorfosi,Franz Kafka,1915,14.49,fantastico
Fahrenheit 451,Ray Bradbury,1953,24.18,scienza
1984,George Orwell,1949,9.57,scienza
Il grande Gatsby,F. Scott Fitzgerald,1925,28.96,narrativa 
Moby Dick,Herman Melville,1851,14.36,narrativa 
Orgoglio e pregiudizio,Jane Austen,1813,14.6,narrativa 
Il ritratto di Dorian Gray,Oscar Wilde,1890,13.75,narrativa 
Guerra e pace,Lev Tolstoj,1869,20.24,romanzo 
Anna Karenina,Lev Tolstoj,1877,13.05,romanzo 
Il conte di Montecristo,Alexandre Dumas,1844,5.93,narrativa 
Don Chisciotte della Mancia,Miguel de Cervantes,1605,29.27,narrativa 
Le avventure di Sherlock Holmes,Arthur Conan Doyle,1892,27.61,giallo
Il processo,Franz Kafka,1925,24.12,fantascienza
La nausea,Jean-Paul Sartre,1938,13.14,narrativa 
La peste,Albert Camus,1947,27.82,narrativa 
Il lupo della steppa,Hermann Hesse,1927,28.63,romanzo  
Il maestro e Margherita,Michail Bulgakov,1966,23.23,narrativa 
Lolita,Vladimir Nabokov,1955,15.25,narrativa 
L'amore ai tempi del colera,Gabriel Garcia Marquez,1985,16.86,narrativa 
Cent'anni di solitudine,Gabriel Garcia Marquez,1967,28.7,narrativa 
Cime tempestose,Emily Brontë,1847,6.88,letteratura 
Jane Eyre,Charlotte Brontë,1847,20.48,letteratura 
Il richiamo della foresta,Jack London,1903,8.31,narrativa 
Viaggio al centro della Terra,Jules Verne,1864,25.68,fantascienza
Dracula,Bram Stoker,1897,26.9,giallo
Frankenstein,Mary Shelley,1818,10.81,fantastico
Robinson Crusoe,Daniel Defoe,1719,23.98,narrativa 
La tempesta,William Shakespeare,1611,24.56,fantastico